Insert into CB_ROLE (ROLEID,ROLELABEL) values (1,'admin');
Insert into CB_ROLE (ROLEID,ROLELABEL) values (2,'moderator');
Insert into CB_ROLE (ROLEID,ROLELABEL) values (3,'user');



Insert into CB_USER (USERID,USERMAIL,USERPASSHASH,USERNAME,USERNOTES,USERPIC,USERSALT) 
values (1,'user1@mail.ru','78fb090e0c0ecbac640104ea5708d867','User 1',null,null,'11111');

Insert into CB_USER (USERID,USERMAIL,USERPASSHASH,USERNAME,USERNOTES,USERPIC,USERSALT) 
values (2,'User2@yandex.ru','a91ac9b5d73221af8a77fe0ab71331b5','Moderator 2',null,null,'22222');

Insert into CB_USER (USERID,USERMAIL,USERPASSHASH,USERNAME,USERNOTES,USERPIC,USERSALT) 
values (3,'User3@netcracker.com','3f49f364ba8dc872a67a1dcbf5e80645','Admin 3',null,null,'33333');

Insert into CB_USER (USERID,USERMAIL,USERPASSHASH,USERNAME,USERNOTES,USERPIC,USERSALT) 
values (4,'test@usermail.com','16ee329d2722753c807b8278c0445376','Just new user','Why so serious',null,'Notnull');



Insert into CB_FILE (FILEID,FILENAME,FILEEXT,FILEDATE,FILEHASH,FILEUSERID) 
values (1,'Voina i mir','doc','2014-12-15 09:50:00.353000000','41e1e9ed184e16fbfad5dc4481cb2ab6',4);

Insert into CB_FILE (FILEID,FILENAME,FILEEXT,FILEDATE,FILEHASH,FILEUSERID) 
values (2,'Cat','jpg','2010-12-15 09:50:00.12','69c1879c6e6f9bf1227435d72fdfc879',4);

Insert into CB_FILE (FILEID,FILENAME,FILEEXT,FILEDATE,FILEHASH,FILEUSERID) 
values (3,'Stamp','doc','2011-5-15 09:50:00.5','061ca7ceac2e55784fa5e770a7e64299',4);

Insert into CB_FILE (FILEID,FILENAME,FILEEXT,FILEDATE,FILEHASH,FILEUSERID) 
values (4,'Echo','doc','2011-4-15 09:50:00.4545','aff36db8c9c321f2002a5c65ee6fa55a',1);

Insert into CB_FILE (FILEID,FILENAME,FILEEXT,FILEDATE,FILEHASH,FILEUSERID) 
values (5,'new file','jpg','2012-6-15 09:50:00.7887','1d31ac1f346b714a4cb7f4c31b5504b5',1);

Insert into CB_FILE (FILEID,FILENAME,FILEEXT,FILEDATE,FILEHASH,FILEUSERID) 
values (6,'Florida','jpg','2013-8-15 09:50:00.56456','21d22006fb0f0883ed72e0a0dd9494d3',3);



Insert into CB_USERROLE (UR_USERID,UR_ROLEID) values (1,3);
Insert into CB_USERROLE (UR_USERID,UR_ROLEID) values (2,2);
Insert into CB_USERROLE (UR_USERID,UR_ROLEID) values (2,3);
Insert into CB_USERROLE (UR_USERID,UR_ROLEID) values (3,1);
Insert into CB_USERROLE (UR_USERID,UR_ROLEID) values (3,2);
Insert into CB_USERROLE (UR_USERID,UR_ROLEID) values (3,3);
Insert into CB_USERROLE (UR_USERID,UR_ROLEID) values (4,3);