--------------------------------------------------------
--  File created - четверг-декабря-17-2015   
--------------------------------------------------------
REM INSERTING into CLOUDBOX.CB_AUTHHASH
SET DEFINE OFF;
REM INSERTING into CLOUDBOX.CB_FILE
SET DEFINE OFF;
Insert into CLOUDBOX.CB_FILE (FILEID,FILENAME,FILEEXT,FILEDATE,FILEHASH,FILEUSERID) values ('1','Война и мир','doc',to_timestamp('14.12.15 09:50:00,353000000','DD.MM.RR HH24:MI:SSXFF'),'41e1e9ed184e16fbfad5dc4481cb2ab6',null);
Insert into CLOUDBOX.CB_FILE (FILEID,FILENAME,FILEEXT,FILEDATE,FILEHASH,FILEUSERID) values ('2','Котики','jpg',to_timestamp('11.12.15 10:13:00,397000000','DD.MM.RR HH24:MI:SSXFF'),'69c1879c6e6f9bf1227435d72fdfc879',null);
Insert into CLOUDBOX.CB_FILE (FILEID,FILENAME,FILEEXT,FILEDATE,FILEHASH,FILEUSERID) values ('3','Инструкция по эксплуатации','doc',to_timestamp('17.12.15 14:13:29,578000000','DD.MM.RR HH24:MI:SSXFF'),'061ca7ceac2e55784fa5e770a7e64299',null);
Insert into CLOUDBOX.CB_FILE (FILEID,FILENAME,FILEEXT,FILEDATE,FILEHASH,FILEUSERID) values ('4','Курсач','doc',to_timestamp('17.12.15 14:16:08,457000000','DD.MM.RR HH24:MI:SSXFF'),'aff36db8c9c321f2002a5c65ee6fa55a',null);
Insert into CLOUDBOX.CB_FILE (FILEID,FILENAME,FILEEXT,FILEDATE,FILEHASH,FILEUSERID) values ('6','new file','jpg',to_timestamp('15.12.15 14:18:10,326000000','DD.MM.RR HH24:MI:SSXFF'),'1d31ac1f346b714a4cb7f4c31b5504b5',null);
Insert into CLOUDBOX.CB_FILE (FILEID,FILENAME,FILEEXT,FILEDATE,FILEHASH,FILEUSERID) values ('5','Схема работы','jpg',to_timestamp('16.12.15 14:17:02,103000000','DD.MM.RR HH24:MI:SSXFF'),'21d22006fb0f0883ed72e0a0dd9494d3',null);
REM INSERTING into CLOUDBOX.CB_ROLE
SET DEFINE OFF;
Insert into CLOUDBOX.CB_ROLE (ROLEID,ROLELABEL) values ('1','admin');
Insert into CLOUDBOX.CB_ROLE (ROLEID,ROLELABEL) values ('2','moderator');
Insert into CLOUDBOX.CB_ROLE (ROLEID,ROLELABEL) values ('3','user');
REM INSERTING into CLOUDBOX.CB_TEMPLINK
SET DEFINE OFF;
REM INSERTING into CLOUDBOX.CB_USER
SET DEFINE OFF;
Insert into CLOUDBOX.CB_USER (USERID,USERMAIL,USERPASSHASH,USERNAME,USERNOTES,USERPIC,USERSALT) values ('1','user1@mail.ru','78fb090e0c0ecbac640104ea5708d867','User 1',null,null,'11111');
Insert into CLOUDBOX.CB_USER (USERID,USERMAIL,USERPASSHASH,USERNAME,USERNOTES,USERPIC,USERSALT) values ('2','User2@yandex.ru','a91ac9b5d73221af8a77fe0ab71331b5','Moderator 2',null,null,'22222');
Insert into CLOUDBOX.CB_USER (USERID,USERMAIL,USERPASSHASH,USERNAME,USERNOTES,USERPIC,USERSALT) values ('3','User3@netcracker.com','3f49f364ba8dc872a67a1dcbf5e80645','Admin 3',null,null,'33333');
Insert into CLOUDBOX.CB_USER (USERID,USERMAIL,USERPASSHASH,USERNAME,USERNOTES,USERPIC,USERSALT) values ('4','test@usermail.com','16ee329d2722753c807b8278c0445376','Имя пользователя','Комментарий к пользователю',null,'Соль');
REM INSERTING into CLOUDBOX.CB_USERFILE
SET DEFINE OFF;
Insert into CLOUDBOX.CB_USERFILE (UF_USERID,UF_FILEID,UF_DEL) values ('1','1',null);
Insert into CLOUDBOX.CB_USERFILE (UF_USERID,UF_FILEID,UF_DEL) values ('1','2',to_date('14.12.15','DD.MM.RR'));
Insert into CLOUDBOX.CB_USERFILE (UF_USERID,UF_FILEID,UF_DEL) values ('1','3',null);
Insert into CLOUDBOX.CB_USERFILE (UF_USERID,UF_FILEID,UF_DEL) values ('2','3',null);
Insert into CLOUDBOX.CB_USERFILE (UF_USERID,UF_FILEID,UF_DEL) values ('2','4',null);
Insert into CLOUDBOX.CB_USERFILE (UF_USERID,UF_FILEID,UF_DEL) values ('3','5',null);
Insert into CLOUDBOX.CB_USERFILE (UF_USERID,UF_FILEID,UF_DEL) values ('3','6',null);
Insert into CLOUDBOX.CB_USERFILE (UF_USERID,UF_FILEID,UF_DEL) values ('3','1',null);
Insert into CLOUDBOX.CB_USERFILE (UF_USERID,UF_FILEID,UF_DEL) values ('3','3',null);
Insert into CLOUDBOX.CB_USERFILE (UF_USERID,UF_FILEID,UF_DEL) values ('2','6',null);
Insert into CLOUDBOX.CB_USERFILE (UF_USERID,UF_FILEID,UF_DEL) values ('4','2',to_date('17.12.15','DD.MM.RR'));
Insert into CLOUDBOX.CB_USERFILE (UF_USERID,UF_FILEID,UF_DEL) values ('4','3',null);
Insert into CLOUDBOX.CB_USERFILE (UF_USERID,UF_FILEID,UF_DEL) values ('4','5',to_date('16.12.15','DD.MM.RR'));
REM INSERTING into CLOUDBOX.CB_USERROLE
SET DEFINE OFF;
Insert into CLOUDBOX.CB_USERROLE (UR_USERID,UR_ROLEID) values ('1','3');
Insert into CLOUDBOX.CB_USERROLE (UR_USERID,UR_ROLEID) values ('2','2');
Insert into CLOUDBOX.CB_USERROLE (UR_USERID,UR_ROLEID) values ('2','3');
Insert into CLOUDBOX.CB_USERROLE (UR_USERID,UR_ROLEID) values ('3','1');
Insert into CLOUDBOX.CB_USERROLE (UR_USERID,UR_ROLEID) values ('3','2');
Insert into CLOUDBOX.CB_USERROLE (UR_USERID,UR_ROLEID) values ('3','3');
Insert into CLOUDBOX.CB_USERROLE (UR_USERID,UR_ROLEID) values ('4','1');
